{
    "Adventurer": {
        "Version": "1.10.1822.1",
        "Scene": {
            "Name": true,
            "SupportShaderSelect": true
        },
        "Object": {
            "Adventurer": {
                "Generation": "AccuRig",
                "Physics": {},
                "Meshes": {
                    "Cube_001": {
                        "Materials": {
                            "Grey_Pbr": {
                                "Material Type": "Pbr",
                                "MultiUV Index": 0,
                                "Two Side": true,
                                "Diffuse Color": [
                                    12.675284385681153,
                                    12.675284385681153,
                                    12.675284385681153
                                ],
                                "Ambient Color": [
                                    5.196389675140381,
                                    5.196389675140381,
                                    5.196389675140381
                                ],
                                "Specular Color": [
                                    12.675284385681153,
                                    12.675284385681153,
                                    12.675284385681153
                                ],
                                "Opacity": 1.0,
                                "Self Illumination": 0.0,
                                "Textures": {}
                            },
                            "Black_Pbr": {
                                "Material Type": "Pbr",
                                "MultiUV Index": 0,
                                "Two Side": true,
                                "Diffuse Color": [
                                    4.4987101554870609,
                                    4.4987101554870609,
                                    4.4987101554870609
                                ],
                                "Ambient Color": [
                                    5.196389675140381,
                                    5.196389675140381,
                                    5.196389675140381
                                ],
                                "Specular Color": [
                                    4.4987101554870609,
                                    4.4987101554870609,
                                    4.4987101554870609
                                ],
                                "Opacity": 1.0,
                                "Self Illumination": 0.0,
                                "Textures": {}
                            }
                        }
                    },
                    "Cube_002": {
                        "Materials": {
                            "Brown_Pbr": {
                                "Material Type": "Pbr",
                                "MultiUV Index": 0,
                                "Two Side": true,
                                "Diffuse Color": [
                                    45.60929870605469,
                                    32.32711410522461,
                                    13.085834503173829
                                ],
                                "Ambient Color": [
                                    5.196389675140381,
                                    5.196389675140381,
                                    5.196389675140381
                                ],
                                "Specular Color": [
                                    45.60929870605469,
                                    32.32711410522461,
                                    13.085834503173829
                                ],
                                "Opacity": 1.0,
                                "Self Illumination": 0.0,
                                "Textures": {}
                            },
                            "Brown2_Pbr": {
                                "Material Type": "Pbr",
                                "MultiUV Index": 0,
                                "Two Side": true,
                                "Diffuse Color": [
                                    27.165660858154298,
                                    19.46057891845703,
                                    8.166629791259766
                                ],
                                "Ambient Color": [
                                    5.196389675140381,
                                    5.196389675140381,
                                    5.196389675140381
                                ],
                                "Specular Color": [
                                    27.165660858154298,
                                    19.46057891845703,
                                    8.166629791259766
                                ],
                                "Opacity": 1.0,
                                "Self Illumination": 0.0,
                                "Textures": {}
                            }
                        }
                    },
                    "Cube_039": {
                        "Materials": {
                            "Skin_Pbr": {
                                "Material Type": "Pbr",
                                "MultiUV Index": 0,
                                "Two Side": true,
                                "Diffuse Color": [
                                    157.38778686523438,
                                    106.56067657470703,
                                    60.79148864746094
                                ],
                                "Ambient Color": [
                                    5.196389675140381,
                                    5.196389675140381,
                                    5.196389675140381
                                ],
                                "Specular Color": [
                                    157.38778686523438,
                                    106.56067657470703,
                                    60.79148864746094
                                ],
                                "Opacity": 1.0,
                                "Self Illumination": 0.0,
                                "Textures": {}
                            },
                            "Eyebrows_Pbr": {
                                "Material Type": "Pbr",
                                "MultiUV Index": 0,
                                "Two Side": true,
                                "Diffuse Color": [
                                    12.283860206604004,
                                    8.75670051574707,
                                    5.654370307922363
                                ],
                                "Ambient Color": [
                                    5.196389675140381,
                                    5.196389675140381,
                                    5.196389675140381
                                ],
                                "Specular Color": [
                                    12.283860206604004,
                                    8.75670051574707,
                                    5.654370307922363
                                ],
                                "Opacity": 1.0,
                                "Self Illumination": 0.0,
                                "Textures": {}
                            },
                            "Hair_Pbr": {
                                "Material Type": "Pbr",
                                "MultiUV Index": 0,
                                "Two Side": true,
                                "Diffuse Color": [
                                    17.035274505615236,
                                    6.983429908752441,
                                    2.3016300201416017
                                ],